Word	Frequency	Posting list
not	1	[0]
98	1	[4]
said	1	[1]
unless	1	[0]
yes	1	[4]
you	3	[0, 2, 4]
awful	1	[0]
truer	1	[2]
34	1	[4]
there	2	[2, 3]
everywhere	1	[3]
a	1	[0]
here	1	[3]
better	1	[0]
i	1	[1]
who	1	[2]
percent	1	[4]
no	1	[2]
going	1	[0]
indeed	1	[4]
faithful	1	[1]
today	1	[2]
that	1	[2]
whole	1	[0]
it’s	1	[0]
guaranteed	1	[4]
like	1	[0]
cares	1	[0]
alive	1	[2]
elephant’s	1	[1]
one	2	[1, 2]
nothing	1	[0]
to	2	[0, 3]
than	1	[2]
cent	1	[1]
things	1	[3]
are	2	[2, 3]
true	1	[2]
is	2	[0, 2]
someone	1	[0]
what	1	[1]
lot	1	[0]
hundred	1	[1]
from	1	[3]
an	1	[1]
and	3	[1, 3, 4]
per	1	[1]
funny	1	[3]
get	1	[0]
will	1	[4]
youer	1	[2]
succeed	1	[4]
meant	1	[1]
